text,is_racism,is_against
VOCE VAI PROVAR NA JUSTIÃ‡A QUE A PAULINHA Ã‰ RACISTA â€” quem Ã© essa? https://t.co/n8pb43uZym,0,0
"Dizendo umas histÃ³rias doidas, dizendo que meu cabelo vai ficar ruim...",0,0
Esse sou eu tocando no violÃ£o. A diferenÃ§a pra foto anterior Ã© esse detalhe em preto... https://t.co/jVQY9iCVzN,0,0
"Eu sou a Ãºnica q nÃ£o fica nessa ""sÃ³ uso roupa preta""",0,0
Eu custo ficar feliz com o negÃ³cio da peneira aÃ­ o trem vai i nÃ£o dÃ¡ certo,0,0
"Gente, vcs precisam urgentemente desconstruir os â€œvÃ¡cuosâ€ como sinal de desinteresse. Porra, nÃ£o tenho 12 anos pra tÃ¡ o dia inteiro conversando no zap, e msm estando o dia inteiro no celular nÃ£o significa que esteja no humor pra manter uma conversa.",0,0
"eai, jÃ¡ atropelou um racista, um machista e um homofÃ³bico hoje?",0,0
@kremyle sim kkk antes eu nÃ£o sabia o que era o pedacinho aÃ­ era tipo um negÃ³cio muito misterioso,0,0
"[SE VOCÃŠ GOSTA DE FANFIC DE BTS PARE AQUI MESMO]  DivulgaÃ§Ã£o Ã© a chave do negÃ³cio, e eu to aqui pra divulgar minha nova fanfic Taegi/Taeji na qual Yoonie Ã© uma pessoa nÃ£o-binÃ¡ria gender fluid. Eu nÃ£o sei se alguÃ©m jÃ¡ leu algo assim, mas eu sentia falta de tal enredo entÃ£o + https://t.co/C9hTkSd4DT",0,0
quero meu celular todo preto pra ontem,0,0
Quase me deu teto preto kkkk,0,0
@canalpedrugo @roogomes PretağŸ˜Š,0,0
"@ricardokdot vei americano vem com umas coisa escrito mamÃ£ezinha, malvada, bebÃªzinha, mimada negÃ³cio mais ESQUISITO e os cara faz piada com as br que tÃ¡ escrito tarada? gado dms",0,0
"@LulaOficial PalhaÃ§ada,  ladrÃ£o chefe da maior organizaÃ§Ã£o criminoso. Psicopata",0,0
@leonasmo NÃ£o viado. Pesquisa. Kkkkkk. SÃ³ pra eu ver um negÃ³cio.,0,0
"@vcanedo Entendo; mas acho injusto o Messi levar essa se o CR7 foi vÃ­tima de injustiÃ§a pesada ano passado. Eu daria pro Van Djik, e a partir do prÃ³ximo levaria esse negÃ³cio mais a sÃ©rio. Acho q tentaram tirar um pouco a dualidade do prÃªmio.",0,0
@WaifuFudida sim sim sÃ³ algo preto ta bom,0,0
quando alguÃ©m vem me contar um negÃ³cio eu sinto a necessidade de saber a histÃ³ria inteira nos mÃ­nimos detalhes pq veio se nÃ£o for assim eu vou ficar imaginando muitas coisas e tipo mÃ³ ruim nÃ£o poder saber sobre tudo entÃ£o pfvr faz isso cmg n,0,0
"@senadorhumberto Quem entendia muito de economia foi o teu partido ladrÃ£o, roubou de todas as estatais que conseguiu por as mÃ£os. Cambada de ladrÃµes vagabundos! NÃ£o esqueceremos!!",0,0
@FatosEx @chanelandfendi1 Mariana quero ir em um negÃ³cio desseee,0,0
ATENÃ‡ÃƒO: O Manchester City recusou a primeira oferta de â‚¬80M do Bayern pelo Leroy SanÃ© e nÃ£o aceitarÃ¡ menos que â‚¬100M. O Bayern acredita que Ã© demais e decidirÃ¡ em breve se vai tentar uma nova oferta. No momento o negÃ³cio difÃ­cil de acontecer. [@FabrizioRomano] https://t.co/Tb1koD8ogt,0,0
"Preta, esquece esses mlk sem graÃ§a, vamo morar na minha casa, domingada e churrascada Brahma gelada e banho de borracha",0,0
"SEM QUERER MANDEI UM NEGÃ“CIO PRO MENINO, O DESESPERO ROLOU SOLTO",0,0
ia falar um negÃ³cio aqui mas n vou falar pra nÃ£o causar..,0,0
@efiipe eae meu preto,0,0
"E nÃ£o Ã© que este filho da puta se vira p mim no meio de uma chamada e diz â€œai eu devo ser preto p nÃ£o perceber nada distoâ€? Terminei conversa ali, IS HE MAD?!",0,0
eu pensei em um negÃ³cio que eu nunca tinha notado antes a televisÃ£o faz de TUDO pra colocar a mulher em um papel de interesseira. eh sempre a madrasta mÃ¡ que quer a heranÃ§a do pai ou a mulher que quer roubar o namorado da outra aaaaa o machismo enraizado,0,0
Neguin com medo de falar na cara... famoso homÃ£o da porra,0,0
@leandroruschel @CarlosBolsonaro SÃ³ os ladrÃµes que aniquilaram essa NaÃ§Ã£o.,0,0
"Se eu acho que deverÃ­amos censurar suas obras? Pelo contrÃ¡rio, acho que deverÃ­amos expor a Ã©poca e o contexto em que seus pensamentos racistas e eugenistas foram expostos, mas que ele era racista, era pra caralho, e nÃ³s sabemos o motivo da direita passar isso pra baixo do tapete.",0,0
"Ã‰ isso nÃ£o passei do primeiro episÃ³dio de Olhos que Condenam, me senti desconfortÃ¡vel pra caralho assistindo sÃ³ quem Ã© preto vai entender na moral",0,0
"@luma_paula NÃ£o sei explicar direito, mas as mulheres brancas normalmente e quase sempre associam a mulher preta como alguÃ©m que queria ser ela, alguÃ©m que deve algo a ela, alguÃ©m a quem ela projeta um dever-agradecer",0,0
@lariborella um negÃ³cio sobre meus relacionamentos,0,0
Uai a Sabrina Garcez passou Nugget preto na sombrancelha? Pra era sÃ³ pra sapato que usava e depois dava lustre ....  ğŸ˜¯,0,0
meninos todo de preto sao meu ponto fraco namoral https://t.co/GnWWTjz1T6,0,0
"""Quero conversar um negÃ³cio com vocÃª""  O coraÃ§Ã£o chega erra as batidas",0,0
"gente se vocÃª comeÃ§a a namorar e fica terminando e voltando vÃ¡rias vezes DESISTE sÃ©rio desiste na primeira terminada, pq nunca da certo esse negÃ³cio de ficar indo e voltando!!",0,0
O mal de vcs e subestimar mulher preta    A GENTE TÃ AQUI NO CORRE TBM TÃ ??? TÃ¡ na hora de vcs comeÃ§arem a reconhecer,0,0
Esses negÃ³cios fazem brilhar os olhos da menininha sentimental que habita em mim.,0,0
"PASTORES RICOS e LADRÃ•ES A CUSTA DOS POBRES, Pr. Paulo Junior https://t.co/TJlIQqKiJp via @YouTube",0,0
@tchelloxx Amo neguin  https://t.co/eoaGZlKaWr,0,0
"@BoladaoLenin @red_pessimist NÃ£o precisa ir muito longe: o cobrador de Ã´nibus acusado injustamente de pedofilia pelo entÃ£o boÃ§al do Magno Malta... Foi torturado e depois de muita batalha foi solto apÃ³s nove meses q cumpriu sua sentenÃ§a... Ou seja, preto ou pobre, jÃ¡ nasce condenado",0,0
"@sproutony @wgabsw @siredtolou ai vÃ£o se lascar se vocÃªs pensam que todo mundo tem condiÃ§Ã£o financeira e apoio familiar pra isso. esse negÃ³cio de ""quem quer, faz"" nÃ£o existe",0,0
@Diogoringenberg @N_Carvalheira Maluf Ã© um coroinha de igreja perto dos petistas que a chamavam de ladrÃ£o,0,0
"@userthaiane @opsdolly Eu achei bonito o monitor e tal, esse negÃ³cio aÃ­ me dÃ¡ um toque danado kkkkk",0,0
mano jÃ¡ pensou ela tÃ¡ mostrando o negÃ³cio no celular pra da e aparece uma notificado de mensagem do whats com o nome â€œjenâ€ https://t.co/CzLQ85DRdh,0,0
AÃ­ que negÃ£o MDS ğŸ˜,0,0
ei bora se pegar ae para eu testar um negÃ³cio rapidÃ£o,0,0
"@Atabreno @BoladaoLenin Breno, entenda: RACISMO Ã© RACISMO = raÃ§a branca, raÃ§a negra, raÃ§a amarela (orientais), Ã­ndios, pardos, mamelucos= RAÃ‡A HUMANA. Preconceito = prÃ©  conceito. O ato de formar um pensamento antes  de conhecer.  EU SOU BRASILEIRA, VC TAMBÃ‰M Ã‰.  Sugiro que estude histÃ³ria do Brasil.",0,0
@colevascon Kkkkkkkkkkkkkkkkkk o sonho da sua @ Ã© um negÃ³cio desse,0,0
minha visÃ£o sobre spiderman nunca mais serÃ¡ a mesma depois daquele negÃ³cio de do peter ser trans,0,0
"@sarah_hipolito Kkkkk entendo sua revolta, pelo tamanho da placa o negÃ³cio Ã© recorrente, mas foi engraÃ§ado, ""proibido estacionar, mas se quiser pode""",0,0
"Essa chuva sÃ³ pede minha mansÃ£o com meu preto do lado, aahhh, sÃ³ falta a mansÃ£o, aff",0,0
tem coisa pior do que ver algum branco explicando pra um negro o que Ã© racismo? pqp,0,0
"@nathaliageovna mas tu Ã© uma pano preto, safada",0,0
E quero usar meu abadÃ¡ pretoğŸ˜”ğŸ˜”,0,0
"o meu amigo lÃ¡ se abrindo pra mim, aÃ­ ele fala um negÃ³cio super importante e eu mando um PRETENDS TO BE SHOCKED  sinceramente o meu destino eh o inferno",0,0
"Cara racista C tanto q seja uma buceta limpa, higienizada, nÃ³s tamo caindo d boca â€” racista dms https://t.co/cKkkN7RgJh",0,0
@mdslaris O negÃ³cio Ã© ser viciado em lol mesmo,0,0
@Albrz_ Vai ganhar uma blusa preta e vermelha entÃ£o ...,0,0
"Bom dia, NaÃ§Ã£o! Mais uma semana decisiva se iniciando e agora o foco Ã© na Copa do Brasil. O elenco rubro-negro encerra a preparaÃ§Ã£o para o duelo contra a equipe paulista hoje, Ã s 15h, no Ninho do Urubu.   ğŸ“¸ Alexandre Vidal/Flamengo  #CRF https://t.co/n8hs0NDHbn",0,0
"@zebonerges @daviddcn @lancenet NÃ£o liga pra 87 e briga por esse tÃ­tulo a mas de 30 anos ğŸ˜‚ğŸ˜‚ğŸ˜‚Deixa de choro e deixa de ser burro, como tu vai ter tÃ­tulo da copa nordeste se tu Ã©s do ES e torce pro urubu carioca  ğŸ˜‚ğŸ˜‚ğŸ˜‚ nÃ£o perco meu tempo com ESPIRITUBACA, teu mal Ã© sono .",0,0
"Semana deve ser de temperaturas mais baixas na regiÃ£o de RibeirÃ£o Preto, SP; veja previsÃ£o https://t.co/9sndgs6RW4",0,0
@MouraMouraoo Haha sÃ³ vocÃª meu preto ğŸ˜,0,0
Eu: hj Ã© dia de usa droga e ir pro puteiro  Preto: entÃ£o sÃ³ falta o puteiro,0,0
"AliÃ¡s, o carnaval Ã© um negÃ³cio tÃ£o espetacular que a mesma escola de samba que fez essa comissÃ£o de frente hÃ¡ trÃªs meses deve, hoje, apoiar uma nova virada de mesa. Pelo terceiro ano seguido. Vejam sÃ³...",0,0
"CoraÃ§Ã£o me fala, como Ã© que vocÃª faz um negÃ³cio desses? Trocar um pra sempre por Ã s vezes Uma aventura, por uma paixÃ£o PÃ©ssimo negÃ³cio, coraÃ§Ã£o",0,0
"@Aninhaf99 E eu cantando ""boi boi boi, boi da cara preta"" no trabalho KKKKKKKKKKK",0,0
"Homens que costumam falar q tal menina quis ter um filho por causa do dinheiro..q dinheiro? 400 reais de pensÃ£o por mÃªs? Bah, Ã³timo negÃ³cio..",0,0
O auge do dia foi minha mae falando que sou doida pq escolho uns negÃ³cios mt difÃ­ceis pra fazerğŸ˜‚ğŸ˜‚,0,0
"InscriÃ§Ãµes prorrogadas atÃ© 14/06 para o PrÃªmio #CSC2019 direcionado Ã s #startups q tÃªm um negÃ³cio inovador, em operaÃ§Ã£o ou ainda prÃ©-operacional, que contribua para tornar as cidades mais e inteligentes. Informe-se!  #brasil #brasildigital  #smartcity https://t.co/bnACSHulPO https://t.co/MW7uH6n3Zb",0,0
"AÃ­ o Ã¡udio do irmÃ£o da JÃºlia falando com a menina q expÃ´s o vÃ­deo do racismo dela... Ele usou a palavra ""equivocada""  Vcs acreditam nisso??? Pq eu nÃ£o E Q U I V O C A D A????  ELA FOI NO MÃNIMO UM MONSTRO. https://t.co/wU8hVTxk1r",0,0
"podia existir o negÃ³cio de curtir a mensagem no wpp tbm nÃ©,minha vida seria bem mais fÃ¡cil",0,0
"@KakaxeRataque O negÃ³cio Ã© jogar skyrin, esses tal de mmorpg n tem moral",0,0
"â†” ATENÃ‡ÃƒO, MUITA ATENÃ‡ÃƒO â†” CASAIS DE SAPATÃƒO QUE PRETINHAS â†˜ Estamos produzindo um doc sobre amor/afeto preto e precisamos de vÃ­deozinhos, fotinhas de vocÃªs. Para mais informaÃ§Ãµes comente aqui ou chame na DM. ğŸ’œ NÃ“S AJUDEM QUE TÃ FICANDO LINDOğŸ’œ",0,0
aquele negÃ³cio do vocÃª nÃ£o gosta de comida japonesa ainda eh muito real ğŸ˜ª,0,0
@valentinahahn oi chega aqui rapidÃ£o quero te falar um negÃ³cio k,0,0
"nem fodendo que fui selecionada pra esse negÃ³cio, n Ã© possÃ­vel sksjskksk",0,0
@romao_leite @pimenteljoaov aplica oc nao quer ne leite preto,0,0
@Flamengo @canalpremiere Ainda bem que o negÃ³cio deles Ã© jogar kkkkkk amo meu FlamengoğŸ˜‚ğŸ”´âš«,0,0
"@thotomartins @R6BRatualizado @INTZeSports @LucasYuuk @VnxxR6 NinguÃ©m libera jogador de graÃ§a brother, negÃ³cios sÃ£o negÃ³cios, vamos supor que a multa dele era de 70mil reais, tu acha q eles vÃ£o dar o cara de graÃ§a pra outra org? Fora que na clÃ¡usula de contrato deve ter uma multa de afastamento, ou receber x% menos de salÃ¡rio se nÃ£o jogar",0,0
tem que rir de um negÃ³cio desses,0,0
AtÃ© que estou me dando bem  com esse negÃ³cio de Tinder sÃ³ vem gente bonita amei KKKKKKKK,0,0
@AnnGabeyea CadÃª o negÃ³cio na tua foto de perfil,0,0
"""O Emily me manda foto do macaco aÃ­"" kkkkkkkkkkkkkkkk Anderson Ã© mt coisa",0,0
"@randolfeap AtÃ© parece que @jairbolsonaro vai doar uma arma para cada famÃ­lia ter em casa. Pelo visto, a esquerda nÃ£o vÃª problema algum em que traficantes, milicianos e assassinos e ladrÃµes em geral tenham armas cada vez mais sofisticadas e letais. O que diz sobre isso, @randolfeap?",0,0
"dei um chute, minha chuteira q era branca jÃ¡ tÃ¡ preta",0,0
como cancela esse negÃ³cio dos Ã¡udios do wpp abrirem sozinhos em sequÃªncia?? que coisa chata bicho,0,0
"Tenho q ver o negÃ³cio da minha roupa, se minha avÃ³ banca",0,0
"13 PERGUNTAS ETC  1 - sÃ¡bado 2 - Hoje 3 - X 4 - V 5 - sabado se nÃ£o me engano 6 - suco de laranja  7 - iji uma ruma, mas purÃª de batata Ã© incrÃ­vel 8 - P 9 - @afulepa  10 - fiquei jÃ¡ 11 - mais (?) 12 - preto, ou cinza ou vermelho n sei 13 - difÃ­cil,,,,,,,,,,,,,,,, mas acho que b99",0,0
"Jesus era anarquista , nÃ£o racista .",0,0
@Bettosp_71 @Dom_Rezende33 SÃ³ fiz isso pra vc ver direito esse negÃ³cio do chorÃ£o aÃ­...sobre FreguÃªs jÃ¡ jÃ¡ a gente vÃª kkkkkk,0,0
@flyzaynj Eu nÃ£o tenho funkos. Deuzulivre com minhas filhas ter esses negÃ³cios. No entanto temos muitas pelÃºcias estranhas. #melhorquefunko alguÃ©m brinca com os brinquedos.,0,0
@darkIouist urubu fica on aqui nÃ£o posso entrar no wpp,0,0
@ihcarneiro NegÃ³cia,0,0
"@isa_henkes Eu jÃ¡ me sinto sufocada na sala do caesp, num negÃ³cio desses eu entro em pÃ¢nico",0,0
"@AnabellaSalas @brasil_lyna Mostrar os bastidores do covil de ladrÃµes Ã© jogar contra? Desculpe, vc tÃ¡ enganada",0,0
"Esse negÃ³cio de homem gritar com mulher e ela se calar com medo,comigo nÃ£o rola,vai gritar,vai brigar nÃ³s dois juntos.  Porque se o bagulho Ã© doido,eu sou mais doida que o bagulho.",0,0
"coraÃ§Ã£o me falaaaaa, como Ã© que vc faz um negÃ³cio desses, trocar o pra sempre por as vezes, uma aventura por uma paixÃ£o, pÃ©ssimo negÃ³cio coraÃ§Ã£ooooooo",0,0
@BuhCray O negÃ³cio Ã© que o jovem de hj tÃ¡ mto emocionado kkkkkkkk tudo jÃ¡ Ã© goals,0,0
"Os caras tudo engomadinho cheio de termos tÃ©cnicos falando nas apresentaÃ§Ãµes nÃ£o conseguiram, eu um bosta que uso corta vento gabarito o negÃ³cio. Fodasss",0,0
Minha mÃ£e me perguntou pq tÃ´ tanto tempo no banheiro  Olha o negÃ³cio q ela compra  Isso aqui Ã© minha droga https://t.co/DGGoGQfky7,0,0
"@cacussiol TÃ´ desempregada, amiga. Hoje minha equipe inteira foi mandada embora. Acabaram com a equipe daqui do Rio e vai abrir uma nova em RibeirÃ£o Preto. TÃ´ devastada ğŸ’”",0,0
JÃ¡ to com sdds do meu preto @_Pl_marques7 ğŸ˜¢ğŸ˜,0,0
"N aguento mais vcs com essa histÃ³ria do neymar pq 1. Ngm aqui passou na oab (mentira alguns sim mas a maioria n) 2. RaÃ§a vem antes de gÃªnero sim  3. O Neymar n eh qualquer homem preto, questÃ£o socioeconÃ´mica conta pra caralho nesse caso 4. Estupro Ã© sexo nÃ£o consentido  +",0,0
@odiodobem @odiodobemnews SÃ£o umas mulas mesmo. Tudo ladrÃ£o https://t.co/utbbG9i3fP,0,0
mds tomara que alguÃ©m fala pra minha prima que aquele negÃ³cio tÃ¡ errado pq eu nÃ£o tÃ´ aguentando jskajs,0,0
Ainda nÃ£o superei esse negÃ³cio da Lud,0,0
"73% dos brasileiros sÃ£o contra a flexibilizaÃ§Ã£o do porte de armas, mas Bolsonaro prefere, numa canetada autoritÃ¡ria, impor essa medida goela abaixo. E faz isso sem aprovaÃ§Ã£o do Congresso, por meio de um decreto ilegal, que o STF fatalmente derrubarÃ¡!  https://t.co/sCwTWZVZ3A",0,0
@kthdemons roxo e preto amo,0,0
"lottie: jovem, linda, ryca, tem seu prÃ³prio negÃ³cio, sempre viajando para lugares fodas, tem um look top, Ã© uma mulher forte, inteligente e bem privilegiada, queria? oh se queria nascer com essa sorte.",0,0
"Para jornal francÃªs, Congresso brasileiro Ã© casa de â€œ300 ladrÃµes com tÃ­tulo de doutorâ€ https://t.co/biw8Kc1Mwu",0,0
como que deseja morte ao homem em uma sociedade racista e genocida ????????? e Ã© isso q a feminista branca n entende  meu pai sendo um homem trabalhador e de famÃ­lia tem a morte como possibilidade simplesmente por ser preto/pobre... a morte anda atrÃ¡s do homem que mora em favela,0,0
Meu precioso Jesus era anarquista Num era racista,0,0
eu num to credo que eu vo te q fala sobre esse negÃ³cio do neymar eu achei q vcs ia se orienta mas eu to vendo gente proxima falando absurdo  FODASE SE ROLOU PAPINHO FODASE NUDES SE A BICHA NA HORA NAO QUIS EH ESTUPRO PORRA E MESMO QUE FOSSE FAKE NAO FAZ PIADA VELHO PISADA FUDIDA,0,0
@Madu_roza15 Da atÃ© um negÃ³cio kkkkkk bglh doido e o melhor presente quero mais nadaaaa,0,0
"@houismall o negÃ³cio Ã© nÃ£o se importar, se for pra falar dela ou de larry ou de qualquer coisa que seja Ã© melhor falar de uma vez admitindo oq ta fazendo ne? eu imagino assim",0,0
"@Lari__Raquel - HelÃ´yse falou "" Cacaca (Macaca) "" ğŸ˜‚ğŸ˜‚ğŸ˜‚ğŸ˜‚ğŸ˜‚ğŸ˜‚ğŸ˜‚",0,0
@GrupoMetropole Vcs tem alguma dÃºvida que Ã© tudo ladrÃ£o ou essa manchete Ã© inocente?,0,0
@veramagalhaes Macaca Playmobil isso Ã© culpa da Gopro,0,0
@dioliveira000 Pelo menos nÃ£o sou racista,0,0
@Eckartpld @Gustavoaas @actranstour @fernandokallas @gugachacra @realvalladolid Que racista em,0,0
@Hendrix_Careta Se vocÃª fez essa enquete pensando especificamente no caso de @NeymarJrSite faltou uma opÃ§Ã£o: negÃ³cio. As marcas que Neymar representa sofrerÃ£o um imenso prejuÃ­zo em virtude de serem associadas Ã  violÃªncia sexual. Esse dano econÃ´mico independe da acusaÃ§Ã£o ser verdadeira ou falsa.,0,0
@_Alek_22 a tu n vai fazer isso n macaco,1,0
Poxa n aguento mais ter cabelo ruim  Jah fiz mil coisas nele entÃ£o eu tentei mas n deu eh a vida,1,0
Aquele preto desgraÃ§ado : a  Eu :,1,0
@jenifferbragion Cabelo ruim Ã© assim,1,0
q raiva me responde seu macaco anao,1,0
Te acho lindo pena ser negro e serve sÃ³ pra ficar namorar jamais â€” analisa bem o que vc escreveu e me fala QUEM temâ€¦ https://t.co/it1xgoZTZt,1,0
â€œcabelo ruimâ€ tbm entrou no assunto Q NOJO,1,1
"@brubs_pdp05 Esse cabelo ruim aqui, tem certeza ?kkkkk tÃ´ abandonando jÃ¡",1,0
@fumafazmal como teu cu preto fdp,1,0
Parece um morcego esse negro desgraÃ§ado,1,0
"Pro cara q danÃ§a e tem o cabelo ruim como o meu, o negÃ³cio Ã© largar o degradÃª se nÃ£o fica com o cabelo amassado por causa do chapÃ©u ğŸ˜’",1,0
@negrooLindo16 Criolo feio da porra,1,0
@limaaa_lucas A tua preto desgraÃ§ado kkkk,1,0
"RT @mariamachadowm: â€œVocÃª Ã© uma negra linda demaisâ€ gente, sÃ©rio, vcs n precisam colocar sempre â€œ negraâ€ â€œpretaâ€ antes de um elogio nÃ£o, acâ€¦",1,1
RT @mctayaa: EntÃ£o se vc fosse preta vc sofreria menos dentro da cena nÃ©??? HAHAHA https://t.co/cSOaEjcJ7g,1,0
ela Ã© parda  nÃ£o preta,1,0
"Mas o fato aqui Ã©: vivemos de manchetes de pretos sendo presos, mortos, sendo acusados de abuso ou por trÃ¡fico... eâ€¦ https://t.co/Y1eYTP4eoy",1,1
JoÃ£o Ã© um macaco n vÃª uma kk,1,0
@WudsonExecutivo @CruceroCabuloso @Cruzeiro Se vocÃª sabe fala logo porque a coisa tÃ¡ preta.,1,0
RT @jzetaniston: quando Ã© pra apagar o legado de um artista negro como o jayz a gay e a branca concordam com o termo (marido de beyoncÃ©) maâ€¦,1,1
ela falou  SE EU VINHESSE PRETA NAO IA SOFRER TANTO  ela falou exatamente isso e eu nÃ£o consigo aceitar,1,1
Nariz do gadinho da minha irmÃ£ Ã© mt grande slc,1,0
RT @eltonserra: Ã‰ difÃ­cil aceitar que um preto pode mora numa cobertura na Pituba. Ã‰ duro acreditar que um preto pode frequentar um consultâ€¦,1,1
"â€œse eu viesse preta eu nÃ£o ia sofrer tantoâ€ as pessoas elas realmente ignoram q histÃ³ria nÃ©, Ã´ Deus da uma forÃ§a q tÃ¡ phoda aq em baixo",1,1
"RT @novaeskkj: sofreria menos se fosse preta? kkkkkkkk garota se toca pelo amor de deus, a mina tem mt mais visualizaÃ§Ãµes do q algumas negrâ€¦",1,1
"nÃ£o era isso que vocÃª queria? um preto de pau grande pra usar de estereÃ³tipo.  flow Kid Bengala, fudi toda essa gentinha do seu tipo",1,1
"Desde menorzinho sempre te achei uma preta linda demais, moro pertinho de vocÃª mas sempre tive vergonha de falarâ€¦ â€”â€¦ https://t.co/bFmS7iCoEs",1,0
RT @lilNandin_027: 5 dias de suspensÃ£o pros mlk(a) branco q beberam se fosse 2 neguin era transferÃªncia na hora,1,1
"@albinohenriques Cala a boca, preto, esse grupo Ã© racista",1,0
@JooVito12421687 TÃ¡ querendo ein beiÃ§o kkkkkk,1,0
Nah digas sim ao racismoğŸ’œâ¤ï¸ https://t.co/w6Q3H1ozte,1,0
"@bandigata7 @athaissss__ De vdd cada um tem seu gosto , porÃ©m tem essa pessoas que usam isso de racismo como desculpa pra tudo ğŸ‘ŒğŸ‘Œ",1,0
RT @oneorasta: um branco reproduzindo cultura negra sempre ganhou mais reconhecimento ao longo da histÃ³ria e nunca teve a ver com mÃ©rito. sâ€¦,1,1
@spfcvicky haja beiÃ§o,1,0
matheus de beiÃ§o na escola,1,0
@se_abraall @PortalRapmais Ela disse q Ã© mais fÃ¡cil ser preto *no rap*,1,1
"RT @vicentiza: Olhem os comentÃ¡rios, as pessoas achando lindo o apagamento de um preto BILIONÃRIO em nome do feminismo  otÃ¡rios e otÃ¡rias hâ€¦",1,1
Vc sabe quanto Ã© difÃ­cil um negro conseguir algum destaque na porra da sociedade racista ? AÃ­ vem vc querer irnonâ€¦â€¦ https://t.co/IcnasV3dpo,1,1
"Ã‰ @AecioNeves o cerco estÃ¡ apertando para o seu lado.  A coisa tÃ¡ ficando preta pro seu lado. NÃ£o sou vidente, masâ€¦ https://t.co/MMgxTCd8BJ",1,0
@filhododouglas @jxtvs7 @deusjan_ aposto que ela NUNCA ficou com um preto,1,1
"@vitorzeroum @eltonserra Ã‰ racismo estrutural  escancarado mesmo, sempre olham para o Negro como sendo subalterno.",1,1
se eu viesse preta eu n ia sofrer tantoğŸ˜¢ğŸ˜¢ğŸ˜”ğŸ˜©ğŸ˜©ğŸ˜­ğŸ˜­ğŸ˜­ğŸ˜ğŸ˜,1,0
Por que? Porque a mÃ­dia escolhe apenas falar dos males que ocorrem com as pessoas negras.   O preto sÃ³ vira manchetâ€¦ https://t.co/ZV6n1rSru2,1,1
E PORRA PRETA Ã‰ ESSA??,1,0
"@elias_bella @DothJoseph vem macaca, te pagar esse drink ğŸ˜‚",1,0
Vc Ã© uma preta linda â¤ â€” Obg rs https://t.co/tBB9YQYnRr,1,0
esse negÃ£o zagueiro do Fluminense Ã© horroroso ğŸ˜¡ğŸ‘ğŸ¼,1,0
"@luuquinhas20 porra mano, esse negÃ£o Ã© horrÃ­vel",1,0
"@LorenaF57 acho q e kkkkkkkkkkkk tinha um outro morenin la tb, os dois tv me encarandoğŸ˜†",1,0
@sharkssp E nois seu preto desgraÃ§ado,1,0
@Marcelo_remo01 brota preto fudido,1,0
"@kamysMB @Dibgode @hey_giusilva pagode Ã© tri, a negraiada que tava enchendo o saco",1,0
"Te vi no arraiÃ¡ com um menino moreno do cabelo liso preto e uma morena do cabelo cacheado enorme,,,,,, Me apresenâ€¦â€¦ https://t.co/u9wiH0MCnG",1,0
"Eu nÃ£o sou MORENA,sou PRETA crlhoooooo!",1,1
Isso Ã© morena // isso aq Ã© Branca do cabelo preto. https://t.co/sw7FnPZopd,1,0
Racismo oq fia ta feio pa caralho,1,0
"@Pecaos @Niggarcia1 Ã© negraiada, ppp",1,0
"RT @lushaol: Cabelo ruim estragando a ft, ja n basta o rosto https://t.co/RVDm0XlKwB",1,0
@luscas Isaura vai pra senzala.,1,0
mas que caralho de cabelo ruim e feiooooooo,1,0
"PAREM de tratar negros/as com cabelo crespo como pessoas feias, bagunÃ§adas, desarrumadas e esquisitas",1,1
"tira esse beiÃ§udo da cabeÃ§a e fica comiguu, te faso mais feliz ;) â€” FAÃ‡O, PFFFFFFF deixa aquele beiÃ§o lindo viver aâ€¦ https://t.co/DBJ05MdZbZ",1,0
"Mas fÃ©, um dia eu vou viver num Brasil onde me chamem de â€œsenhorâ€, igual fazem com os brancos - e nÃ£o de â€œescurinho/negÃ£o/moreninho/macacoâ€",1,1
5 meses sem meu macaco ğŸ˜­ğŸ˜­ğŸ˜­ğŸ’”,1,0
"@negomalaca @YgorConca Tomar no cu macaco , sou eu nÃ£o",1,0
"@Oliveiralucas66 @Karine_b24 TÃ¡ ligado eu te falo desde cedo, meu cabelo nÃ£o Ã© bombril Ã© cabelo crespo",1,1
AmanhÃ£ jÃ¡ Ã© aniversÃ¡rio do macaco,1,0
@LuSapori Lu Saporra...vÃ¡ pentear macaco...vÃ¡. SÃ³ fala merda. ğŸ˜‚,1,0
RT @breakingmeths: NÃ£o deixa mais ninguÃ©m te zuar por vocÃª ter cabelo crespo E se algum filho da puta fala gracinha Fica de punho cerrado eâ€¦,1,1
dps de muito tempo jogando ff c macaco,1,0
"Em casa: Sinho e Caio Na escola: Negrito, Neguinho, Macaco, Preto No twitter: Negrito e Caio",1,1
"Boa noite, qual a sensaÃ§Ã£o de pegar aquele macaco zoiÃºdo da moto fazer 250 do morro da formiga? â€” sei lÃ¡, pego ningâ€¦ https://t.co/1UZVCzorjA",1,0
Parece um macaco wtf,1,0
DedÃ© filha da puta macaco de imitaÃ§Ã£o tirou a foto igual eu kkk,1,0
@GarajauEnzo kkkkkkkkkkk vai merda seu macaco,1,0
cansada de ter o cabelo ruim meu deis do cÃ©u,1,0
"sÃ³ queria saber onde estÃ¡ o macaco do meu mid laner velho, pqp",1,0
"A macaca da PÃ¢mela nÃ£o ajuda em nada, odeio esse negra",1,0
@__mayama_ Fui bem em todas as provas ai o macaco vei mete a pika nos aluno sem dÃ³ pra foder de jeito,1,0
NÃ£o aguento me olhar no espelho pq TUDO minha famÃ­lia crÃ­tica  â€œTÃ¡ com celuliteâ€ â€œcabelo ruim heinâ€ â€œnossa isso Ã© uâ€¦ https://t.co/nHLwEevJOH,1,1
dps eu mato um preto desse e ninguÃ©m sabe pq,1,0
"@HdaWill Ã© brincadeira seu macaco, eu nÃ£o namoro kkkkkkk",1,0
"@Bfrtrick Teu cu, macaco",1,0
@lehmedeirosss Quem vÃª assim tem cabelo ruim p ficar secando msm,1,0
"Seu dia vai chegar macaco â€” Sai do anonimato filha da puta, vai viver o mundo lÃ¡ fora. https://t.co/CLIYVCYeSW",1,0
jojo vc fede e mora no esgoto jojo â€” Vc q fede seu macaco feioso https://t.co/C8R3YUxHzb,1,0
"Acha divertido postar mixarias no recinto, macaco fudido? â€” Eu nÃ£o faÃ§o parte da sua escÃ³ria, nunca me envolvi comâ€¦ https://t.co/83B0FVYRQi",1,0
Agora vejo esse pia e lembro da Giovana falando que ele tem nariz de porco kkkkkkkkkkkkk,1,0
Macaco fodase https://t.co/IUWEhovXN0,1,0
cabelo de boneca â€” N sei se isso foi um elogio pq boneca tem cabelo ruim https://t.co/82VxcETlDu,1,0
@BiiaFalccao Macaca tua sorte que eu sair da escola kkkkkkkkkkkkkkkkkk,1,0
"Kkkkk vc e um viado preto,parece ate um diabo gay da africa kkk zoa mn,irmao te ama ta ?",1,0
@_Bergonzini volta pra senzala fdp,1,0
Meu cabelo tÃ¡ ficando crespo essa merda,1,0
nÃ© nada guilherme Ã© sÃ³ n pentear ele seco crlh â€” tu acha q Ã© facil ter cabelo ruim? ele nao alisa nem enrola pqp https://t.co/2Qzvsx8024,1,0
"Um uruguaio me chamou de macaco, denunciei o tweet e o que o Twitter fez? Agradeceu pela denÃºncia .... E nada maisâ€¦ https://t.co/fSf9dfG7gw",1,1
"todo dia um macaco diferente acelerando moto na frente da minha casa, pq nÃ£o corta giro atÃ© quebrar de uma vez?",1,0
RT @_lvccx: Tinha que ser preto ğŸ‘‘âœŠğŸ¾ https://t.co/i0iiqPUV9n,1,0
@jose_simao Esse macaco do pode ser retardado,1,0
"preto prestÃ­gio: preto por fora, mas branco por dentro",1,0
Essas minas aÃ­ falam que gosta de preto sÃ³ pela internet pq na realidade sÃ³ pega branco ğŸ˜’,1,1
o macaco Ã© tio dele?,1,0
Gente um preto gato no trem me olhando kkkkkkkkkkk,1,0
"@CabeloMd5 Vamos marcar algo, vou falar com a galinha preta da mayara",1,0
eu quando vejo o homem macaco que nÃ£o tem alma e nem coraÃ§Ã£o correndo atras de mim gritando igual louco querendo me pegar https://t.co/tCQNRlse7V,1,0
@BonitaPreta @PauloTruglio NOJO DESSA LACAIA. Ã‰ DA MESMA LAIA DO PRETO ESCRAVO DO BOZO.,1,0
@jose_simao Calma macaco! Iremos superar esta desgraÃ§a de governo!,1,0
grande abraÃ§o pros fÃ£s do macaco do Michael jackson,1,0
@91slmj @louiexplict me deixa em paz urubu,1,0
@nalbuquerqueg entÃ£o pq vc rt que queria 12 desses pastÃ©is sua vaca preta,1,0
"@tiagoclc @CMelquiades1 @beruta E eu te xinguei onde, meu deus? Vai usar a desculpinha racista da mulher preta agressiva tb inventando que eu te xinguei? hahahahahhah",1,0
E os maluco do Senado puto porque tÃ£o trampando numa Segunda-Feira. KKKKKK Bem vindo ao Brasil negaiada onde as coisa sÃ³ funciona por livre e espontÃ¢nea pressÃ£o.,1,0
NÃ£o que eu goste de saci doente,1,0
Eu nao sou racista mas   O cearense nitidamente Ã© uma raÃ§a superior,1,0
"@edulf_ Gay, preta, pobre e Vegana!!! ğŸ˜±ğŸ˜±ğŸ˜± sÃ³ falta dizer que Ã© de esquerda!!!",1,0
"@ChristianSouz A coisa tÃ¡ preta , a coisa tÃ¡ feia !!!",1,0
@RuanKleber11 Preto nojentoooooo cara,1,0
@DanielMuchelas @O_Calceteiro @Carlosmmf1973 @AEstrelaLeonina @ppaodemonio @kanuca77 @bealioness22 @bfcf1906 TambÃ©m me lembro desse macaco,1,0
